Cliente;Orden;Designaci√≥n;Cantidad;Fecha de Reingreso
AGEN DOMIN;22D0005139;22316 E/C3;4;23/5/2022
AGENCIASAUT;21D0011481;PER.32210;3;6/6/2022
ASERVIROD;21D0008647;16002-2Z;20;31/5/2022
ASERVIROD;21D0010843;16002-2Z;20;31/5/2022
ASERVIROD;22D0000537;2211 EKTN9/C3;10;26/5/2022
ASERVIROD;22D0000537;H 318;4;26/5/2022
ASERVIROD;22D0000537;RBC4-0113;4;31/5/2022
ASERVIROD;22D0001696;6208-2RS1/C3;52;2/6/2022
ASERVIROD;22D0001696;6208-2RS1/C3;16;2/6/2022
ASERVIROD;22D0001696;6210-2RS1/C3;24;2/6/2022
ASERVIROD;22D0001696;6210-2RS1/C3;19;2/6/2022
ASERVIROD;22D0001696;6324/C3;1;2/6/2022
ASERVIROD;22D0001696;6312-2Z;4;26/5/2022
ASERVIROD;22D0003121;22209 EK/C3;6;26/5/2022
ASERVIROD;22D0003121;61813-2RS1;5;26/5/2022
ASERVIROD;22D0004161;61813-2RS1;5;26/5/2022
ASERVIROD;22D0003121;FY 2. TF;5;26/5/2022
ASERVIROD;22D0004161;FY 2. TF;20;26/5/2022
ASERVIROD;22D0003123;Y/UCFL 207;3;30/6/2022
ASERVIROD;22D0005569;Y/UCFL 207;3;2/6/2022
ASERVIROD;22D0004161;PHC 120-2X10FT;3;2/6/2022
ASERVIROD;22D0004161;32011 X;10;4/6/2022
ASERVIROD;22D0004161;51103;10;26/5/2022
ASERVIROD;22D0004161;51112;2;26/5/2022
ASERVIROD;22D0004161;22212 EK;4;26/5/2022
ASERVIROD;22D0004161;22316 E;2;26/5/2022
ASERVIROD;22D0004161;3309 A;4;26/5/2022
ASERVIROD;22D0004161;6206-2RS1/C3;200;26/5/2022
ASERVIROD;22D0004161;7309 BECBM;2;26/5/2022
ASERVIROD;22D0004161;6010/C3;6;26/5/2022
ASERVIROD;22D0004161;61830 MA;2;26/5/2022
ASERVIROD;22D0004161;6216-2RS1/C3;4;26/5/2022
ASERVIROD;22D0004161;6301-2Z;50;26/5/2022
ASERVIROD;22D0004161;6317 M/C3;2;26/5/2022
ASERVIROD;22D0004161;6317/C3;2;26/5/2022
ASERVIROD;22D0004161;HA 3128;2;26/5/2022
ASERVIROD;22D0004161;22216 EK/C3;10;27/5/2022
ASERVIROD;22D0004161;TSN 526 L;10;27/5/2022
ASERVIROD;22D0004161;6003-2RSH/C3;200;31/5/2022
ASERVIROD;22D0004286;SNL 522-619 K7;2;26/5/2022
AUTOJAPONES;22D0005776;VKBA 6699;2;7/6/2022
BEARINGS;22D0003747;KM 27;6;31/5/2022
CASA PELLAS;22D0002912;PER.FH205-16;215;1/6/2022
CASA PELLAS;22D0002912;PER.FH205-16;19;1/6/2022
CASA PELLAS;22D0002927;PER.FHG209-28;30;1/6/2022
CECUAMAQ;22D0001779;LGHQ 2/MR380;10;2/6/2022
CECUAMAQ;22D0001779;LGFQ 2/18;54;2/6/2022
CECUAMAQ;22D0001779;LGFQ 2/18;13;2/6/2022
CEMASA;21D0010065;FY 2.1/2 TF;4;1/6/2022
CEMASA;21D0010065;FY 2.1/2 TF;6;1/6/2022
CEMASA;21D0010065;FY 2.1/2 TF;15;1/6/2022
CEMASA;21D0007308;1209 EKTN9/C3;2;31/5/2022
CEMASA;22D0000367;1209 EKTN9/C3;10;31/5/2022
CEMASA;21D0010065;YAR 216-300-2F;2;1/6/2022
CEMASA;21D0010065;YAR 216-300-2F;17;1/6/2022
CEMASA;21D0010065;FY 3/4 TF;44;1/6/2022
CEMASA;21D0010342;PER.6209-2RLDC3V2;20;6/6/2022
CEMASA;21D0010342;PER.UCFT208-24-A;5;25/5/2022
CEMASA;21D0010342;UC 211-32;14;1/6/2022
CEMASA;21D0011514;UC 211-32;16;1/6/2022
CEMASA;22D0002309;LGHQ 2/MR380B;60;1/6/2022
CEMASA;21D0011514;UCP 207-20;46;31/5/2022
CEMASA;21D0011514;UCF 205-14;32;31/5/2022
CEMASA;21D0011514;UCF 205-14;8;31/5/2022
CEMASA;21D0011514;PER.UCFT206-19-A;30;31/5/2022
CEMASA;21D0011514;UCF 206-18;6;1/6/2022
CEMASA;21D0011514;UCF 205-15;56;1/6/2022
CEMASA;21D0011514;UCF 205-15;71;1/6/2022
CEMASA;21D0011514;UCP 213;1;1/6/2022
CEMASA;21D0011514;UCF 207-22;26;1/6/2022
CEMASA;21D0011606;LGHQ 2/MR380B;10;25/5/2022
CEMASA;21D0012372;PHG 5VX1150EP;6;31/5/2022
CEMASA;22D0000367;6206-2Z/C3GJN;40;31/5/2022
CEMASA;22D0000367;6206-2Z/C3GJN;360;31/5/2022
CEMASA;22D0000367;6309-2RS1/C3GJN;124;31/5/2022
CEMASA;22D0000367;6309-2RS1/C3GJN;10;31/5/2022
CEMASA;22D0000367;6309-2RS1/C3GJN;16;31/5/2022
CEMASA;22D0000367;1209 EKTN9;10;31/5/2022
CEMASA;22D0000367;FY 1.1/4 TF;50;31/5/2022
CEMASA;22D0000367;SY 1.1/2 FM;10;31/5/2022
CEMASA;22D0000367;625-2RS1;20;31/5/2022
CEMASA;22D0000367;SY 2.3/16 TF;4;31/5/2022
CEMASA;22D0000367;SY 2.3/16 TF;8;31/5/2022
CEMASA;22D0000367;FY 1.1/2 TF;35;1/6/2022
CEMASA;22D0000367;FYTB 3/4 TF;50;1/6/2022
CEMASA;22D0000367;6007-2RS1;10;1/6/2022
CEMASA;22D0000368;YAR 211-2F;20;1/6/2022
CEMASA;22D0000368;6003-2RSH/C3;150;1/6/2022
CEMASA;22D0000369;6003-2RSH/C3;60;31/5/2022
CEMASA;22D0000368;6014-2RS1/C3;6;1/6/2022
CEMASA;22D0000368;6203-2RSHNR;71;1/6/2022
CEMASA;22D0000369;W 6200-2RS1;12;31/5/2022
CEMASA;22D0001625;LL/506-108-VS;100;31/5/2022
CEMASA;22D0001625;LL/506-108-VS;60;31/5/2022
CEMASA;22D0002309;PHG 5VX630EP;3;31/5/2022
CEMASA;22D0002309;PHG 5VX1060EP;24;31/5/2022
CEMASA;22D0002309;PHG 5VX1060EP;4;31/5/2022
CEMASA;22D0002309;PHG 5VX1060EP;21;31/5/2022
CEMASA;22D0002309;PHG 5VX670EP;9;31/5/2022
CEMASA;22D0002309;PHG 5VX670EP;11;31/5/2022
CEMASA;22D0002309;PHG 5VX850EP;20;31/5/2022
CEMASA;22D0002309;TLSD 1-DS;10;31/5/2022
CEMASA;22D0004582;TLSD 1-DS;10;31/5/2022
CEMASA;22D0002999;TU.F1.46081053;2;31/5/2022
CEMASA;22D0002999;TU.R1.46091072;10;31/5/2022
CEMASA;22D0002999;TU.R1.46091064;3;31/5/2022
CEMASA;22D0002999;TU.R1.46091147;6;31/5/2022
CEMASA;22D0003015;SNL 509;10;31/5/2022
CEMASA;22D0003461;PHG 5VX1000EP;21;31/5/2022
CEMASA;22D0003461;PHG B162;10;31/5/2022
CEMASA;22D0003461;PHG 3VX560EP;50;1/6/2022
CEMASA;22D0004605;LL/303-19346-2;10;31/5/2022
CEMASA;22D0004605;LL/406-054-VS;20;31/5/2022
CEMASA;22D0005672;LL/406-054-VS;50;5/6/2022
CEMASA;22D0004605;LL/307-19543-1;5;31/5/2022
CEMASA;22D0005672;LL/307-19543-1;5;5/6/2022
CROSSROAD;22D0005602;PER.6900-2RSUC3;12;3/6/2022
H S;22D0005613;TU.F2.46082056;5;3/6/2022
H Y T;21D0003673;PER.UCFT204-12-A;1;27/5/2022
HIVIMAUT;22D0002488;VKMA 96002;10;4/7/2022
HIVIMAUT;22D0002493;VKMA 96002;35;1/8/2022
HIVIMAUT;22D0002496;VKMA 96002;35;1/9/2022
HIVIMAUT;22D0002500;VKMA 96002;35;3/10/2022
HIVIMAUT;22D0002504;VKMA 96002;35;1/11/2022
HIVIMAUT;22D0002507;VKMA 96002;35;1/12/2022
HIVIMAUT;22D0002485;VKBA 6699;3;1/6/2022
HIVIMAUT;22D0002488;VKBA 6699;3;4/7/2022
HIVIMAUT;22D0002493;VKBA 6699;3;1/8/2022
HIVIMAUT;22D0002496;VKBA 6699;3;1/9/2022
HIVIMAUT;22D0002500;VKBA 6699;3;3/10/2022
HIVIMAUT;22D0002504;VKBA 6699;3;1/11/2022
HIVIMAUT;22D0002507;VKBA 6699;3;1/12/2022
HIVIMAUT;22D0002485;31307;1;1/6/2022
HIVIMAUT;22D0002488;31307;1;4/7/2022
HIVIMAUT;22D0002493;31307;2;1/8/2022
HIVIMAUT;22D0002496;31307;1;1/9/2022
HIVIMAUT;22D0002500;31307;2;3/10/2022
HIVIMAUT;22D0002504;31307;1;1/11/2022
HIVIMAUT;22D0002507;31307;2;1/12/2022
HIVIMAUT;22D0002483;BAHB 636114 B/VK210;30;3/6/2022
HIVIMAUT;22D0002483;BAHB 636114 B/VK210;50;3/6/2022
HIVIMAUT;22D0002483;BAHB 636114 B/VK210;20;3/6/2022
HIVIMAUT;22D0002488;BAHB 636114 B/VK210;90;4/7/2022
HIVIMAUT;22D0002493;BAHB 636114 B/VK210;100;1/8/2022
HIVIMAUT;22D0002496;BAHB 636114 B/VK210;125;1/9/2022
HIVIMAUT;22D0002500;BAHB 636114 B/VK210;100;3/10/2022
HIVIMAUT;22D0002504;BAHB 636114 B/VK210;125;1/11/2022
HIVIMAUT;22D0002507;BAHB 636114 B/VK210;100;1/12/2022
HIVIMAUT;22D0005615;VKPC 81210;49;3/6/2022
HIVIMAUT;22D0005649;VKPC 81210 A;11;3/6/2022
HYT AUTO;21D0011218;PER.3780/20;12;6/6/2022
HYT AUTO;22D0003796;PHG C300;6;6/6/2022
IMFRISA;22D0005326;BB1-4836 A;30;26/5/2022
IMPORCALI;22D0001326;VKBA 7101;5;25/5/2022
IMPORCALI;22D0001760;VKMA 95976;20;6/6/2022
IMPORINCO;22D0004442;325 VA R;4;23/5/2022
INEVIN;22D0002055;VKBC 20009;170;25/5/2022
ITECO;22D0002202;LL/504-31705-1;49;2/6/2022
ITECO;22D0002202;LL/504-31705-1;29;2/6/2022
LUBRI B/MANGA;21D0011677;PER.32210;10;4/6/2022
LUBRI B/MANGA;21D0011677;PER.6209-2RLDC3V2;20;4/6/2022
LUBRI B/MANGA;21D0011677;PER.25580/20;10;26/5/2022
LUBRI B/MANGA;22D0005042;6000-2Z;10;31/5/2022
MAFISA;22D0001642;11138;1;16/6/2022
MAFISA;22D0001643;11138;1;7/7/2022
MAFISA;22D0001644;11138;1;21/7/2022
MUELLESYFRENOS;22D0005763;SET423P;40;7/6/2022
MUNFRESA;22D0005800;VKUA 4603 A;9;8/6/2022
MUNFRESA;22D0005800;VKUA 4516 A;50;8/6/2022
MUNFRESA;22D0005800;VKUA 4520 A;50;8/6/2022
MUNFRESA;22D0005800;VKUA 4528 A;100;8/6/2022
MUNFRESA;22D0005800;38776PRO;50;8/6/2022
MUNFRESA;22D0005800;VKUA 4564 A;47;8/6/2022
MUNFRESA;22D0005800;40136;30;8/6/2022
MUNFRESA;22D0005800;47691PRO;100;8/6/2022
NAVITRANS;21D0012345;SET423P;16;25/5/2022
NAVITRANS;22D0003212;35058PRO;50;6/6/2022
NAVITRANS;22D0003218;35058PRO;20;4/7/2022
NAVITRANS;22D0003220;35058PRO;30;1/8/2022
NAVITRANS;22D0003212;SET406P;20;6/6/2022
NAVITRANS;22D0003218;SET406P;20;4/7/2022
NAVITRANS;22D0003220;SET406P;30;1/8/2022
NAVITRANS;22D0003212;43761PRO;20;6/6/2022
NAVITRANS;22D0003218;43761PRO;20;4/7/2022
NAVITRANS;22D0003220;43761PRO;10;1/8/2022
NAVITRANS;22D0003212;580/572/Q;26;6/6/2022
NAVITRANS;22D0003212;580/572/Q;34;6/6/2022
NAVITRANS;22D0003212;SET403P;60;6/6/2022
NAVITRANS;22D0003218;SET403P;40;4/7/2022
NAVITRANS;22D0003220;SET403P;60;1/8/2022
NAVITRANS;22D0003212;SET411P;4;6/6/2022
NAVITRANS;22D0003218;SET411P;10;4/7/2022
NAVITRANS;22D0003212;SET424P;10;6/6/2022
NAVITRANS;22D0003220;SET424P;15;1/8/2022
NAVITRANS;22D0003212;47691PRO;10;6/6/2022
NAVITRANS;22D0003218;47691PRO;10;4/7/2022
NAVITRANS;22D0003220;47691PRO;10;1/8/2022
NAVITRANS;22D0003212;42627PRO;20;6/6/2022
NAVITRANS;22D0003220;42627PRO;20;1/8/2022
NAVITRANS;22D0003212;35066PRO;60;6/6/2022
NAVITRANS;22D0003218;35066PRO;60;4/7/2022
NAVITRANS;22D0003220;35066PRO;60;1/8/2022
NAVITRANS;22D0003212;42623PRO;150;6/6/2022
NAVITRANS;22D0003212;47697PRO;180;6/6/2022
NAVITRANS;22D0003218;47697PRO;180;4/7/2022
NAVITRANS;22D0003220;47697PRO;180;1/8/2022
NAVITRANS;22D0003212;BT1-0827;60;6/6/2022
NAVITRANS;22D0003218;BT1-0827;50;4/7/2022
NAVITRANS;22D0003220;BT1-0827;50;1/8/2022
PARTES CAMION;22D0005521;SET423P;9;31/5/2022
REPACASA;22D0005802;VKUA 4564 A;50;8/6/2022
REPACASA;22D0005802;VKUA 4547 A;50;8/6/2022
REPACASA;22D0005802;VKUA 4520 A;42;8/6/2022
REPACASA;22D0005802;VKUA 4520 A;58;8/6/2022
REPACASA;22D0005802;VKUA 4520 A;100;8/6/2022
REPACASA;22D0005802;VKQA 88512 AC LT;100;8/6/2022
RODAMIENTO;22D0002169;UCP 211-32;69;12/12/2022
RODAMIENTO;22D0002169;UCP 211-32;20;12/12/2022
RODAMIENTO;22D0002169;UCP 211-32;61;12/12/2022
RODAMIENTO;22D0002167;UCP 207-20;9;14/6/2022
RODAMIENTO;22D0002167;UCP 207-20;47;14/6/2022
RODAMIENTO;22D0002167;UCP 207-20;4;14/6/2022
RODAMIENTO;22D0002167;UCP 207-20;40;14/6/2022
RODAMIENTO;22D0002167;UC 211;10;14/6/2022
RODAMIENTO;22D0005583;6309-2RS1/C3GJN;30;3/6/2022
RODAMIENTO;22D0005583;FY 2. TF;10;3/6/2022
RODAMUNDI S.A.;22D0002677;SET423P;30;6/6/2022
RODAMUNDI S.A.;22D0002677;SET423P;16;6/6/2022
RODAMUNDI S.A.;22D0002677;SET423P;44;6/6/2022
RODAMUNDI S.A.;22D0005680;VKBA 6944 AL;60;5/6/2022
RODANDO AUTO;21D0011596;BT1-0827;71;2/6/2022
RODANDO AUTO;21D0011596;BT1-0827;98;2/6/2022
RODASA;22D0002508;FY 507 M;20;20/6/2022
RODASA;22D0002508;2208 E-2RS1TN9;2;20/6/2022
RODASA;22D0005636;FY 50 TF;2;7/6/2022
RODASA;22D0002781;6304-2RSH/C3;10;25/6/2022
RODASA;22D0005161;6304-2RSH/C3;11;27/5/2022
RODASA;22D0002508;YAR 216-300-2F;2;20/6/2022
RODASA;22D0002508;46305;100;20/6/2022
RODASA;22D0002508;LGFP 2/0.4;48;20/6/2022
RODASA;22D0002508;PHG A58;45;20/6/2022
RODASA;22D0002508;PHG B48;25;20/6/2022
RODASA;22D0002508;PHG B52;25;20/6/2022
RODASA;22D0002508;LGHP 2/0.4;24;20/6/2022
RODASA;22D0002508;PHG B56;20;20/6/2022
RODASA;22D0002508;YAR 205-100-2F;20;20/6/2022
RODASA;22D0002508;PHC 40-1C/L;20;20/6/2022
RODASA;22D0002508;SILKAC 6 M;20;20/6/2022
RODASA;22D0002508;PHC 50-1C/L;15;20/6/2022
RODASA;22D0002508;YAR 206-2F;15;20/6/2022
RODASA;22D0002508;YAR 207-104-2F;15;20/6/2022
RODASA;22D0002508;PHE L095HUB;15;20/6/2022
RODASA;22D0002508;PHG C85;15;20/6/2022
RODASA;22D0002508;SIKAC 5 M;15;20/6/2022
RODASA;22D0002508;FYTB 1. TF;12;20/6/2022
RODASA;22D0002508;PHC 35-1X10FT;10;20/6/2022
RODASA;22D0002508;PHC 50-1X10FT;10;20/6/2022
RODASA;22D0002508;PHG 3VX560EP;10;20/6/2022
RODASA;22D0002508;SIKAC 10 M;10;20/6/2022
RODASA;22D0002508;SILKAC 10 M;10;20/6/2022
RODASA;22D0002508;YAR 206-103-2F;10;20/6/2022
RODASA;22D0002508;YAR 208-108-2F;10;20/6/2022
RODASA;22D0002508;PHC 40-1X10FT;10;20/6/2022
RODASA;22D0002508;PHC 60-1X10FT;6;20/6/2022
RODASA;22D0002508;PHC 40-1SSX10FT;5;20/6/2022
RODASA;22D0002508;PHC 50-1SSX10FT;5;20/6/2022
RODASA;22D0002508;LGHP 2/5;3;20/6/2022
RODASA;22D0002508;PHC 80-1X10FT;3;20/6/2022
RODASA;22D0002508;PHC 120-1X10FT;2;20/6/2022
RODASA;22D0002508;PHC 40-2X10FT;2;20/6/2022
RODASA;22D0002508;PHC 12B-1X10FT;2;20/6/2022
RODASA;22D0002508;PHC 160-1X10FT;2;20/6/2022
RODASA;22D0002508;7305 BECBM;2;20/6/2022
RODASA;22D0002508;LGHP 2/18;2;20/6/2022
RODASA;22D0005636;PHC 08B-1X10FT;50;4/6/2022
RODASA;22D0002508;PHE L110HUB;2;20/6/2022
RODASA;22D0002508;TLGB 20;2;20/6/2022
RODASA;22D0002508;TMMR 60F;2;20/6/2022
RODASA;22D0002508;6217-2Z;2;20/6/2022
RODASA;22D0002508;6217-2Z/C3;2;20/6/2022
RODASA;22D0002508;LGMT 3/18;2;20/6/2022
RODASA;22D0002508;LGMT 2/18;2;20/6/2022
RODASA;22D0002508;NU 312 ECP/C3;2;20/6/2022
RODASA;22D0002508;SY 3. UTF;2;20/6/2022
RODASA;22D0002508;PHC 80-2X10FT;2;20/6/2022
RODASA;22D0002508;6216-2Z/C3;1;20/6/2022
RODASA;22D0002508;PHC 60-2X10FT;1;20/6/2022
RODASA;22D0002508;6217-2RS1/C3;1;20/6/2022
RODASA;22D0002508;HE 3128;1;20/6/2022
RODASA;22D0002508;PHC 06B-1X10FT;1;20/6/2022
RODASA;22D0002508;NU 319 ECJ/C3;1;20/6/2022
RODASA;22D0002781;6314-2Z;2;25/6/2022
RODASA;22D0002781;6306-2RS1/C3GJN;30;25/6/2022
RODASA;22D0002781;6309-2RS1/C3GJN;30;25/6/2022
RODASA;22D0005664;6309-2RS1/C3GJN;31;7/6/2022
RODASA;22D0002781;6306-2Z/C3GJN;20;25/6/2022
RODASA;22D0002781;6309-2Z/C3GJN;20;25/6/2022
RODASA;22D0002781;6304-2RSH/C3GJN;20;25/6/2022
RODASA;22D0002781;6305-2Z/C3GJN;20;25/6/2022
RODASA;22D0002781;6303-2RSH/C3GJN;20;25/6/2022
RODASA;22D0002781;6308-2Z/C3GJN;15;25/6/2022
RODASA;22D0002781;6309-2RS1/C3;10;25/6/2022
RODASA;22D0002781;6307-2RS1/C3GJN;10;25/6/2022
RODASA;22D0002781;6301-2Z/C3;10;25/6/2022
RODASA;22D0002781;6305-2Z/C3;10;25/6/2022
RODASA;22D0002781;6304-2Z/C3;10;25/6/2022
RODASA;22D0002781;6308-2RS1/C3GJN;10;25/6/2022
RODASA;22D0005664;6308-2RS1/C3GJN;1;7/6/2022
RODASA;22D0002781;6302-2RSH/C3;10;25/6/2022
RODASA;22D0002781;6306-2RS1/C3;5;25/6/2022
RODASA;22D0002781;6307-2Z/C3;5;25/6/2022
RODASA;22D0002781;6306-2Z/C3;5;25/6/2022
RODASA;22D0002781;6304-2RSH;5;25/6/2022
RODASA;22D0002781;6314-2RS1/C3;4;25/6/2022
RODASA;22D0005664;6314-2RS1/C3;3;7/6/2022
RODASA;22D0002781;6311-2RS1;3;25/6/2022
RODASA;22D0005664;6311-2RS1;1;7/6/2022
RODASA;22D0002781;6315-2RS1/C3;2;25/6/2022
RODASA;22D0002781;6309/C3;2;25/6/2022
RODASA;22D0002781;6313-2RS1;2;25/6/2022
RODASA;22D0002781;6313/C3;2;25/6/2022
RODASA;22D0002781;6306-2RS1;2;25/6/2022
RODASA;22D0002781;6306-2Z;2;25/6/2022
RODASA;22D0002781;6308-2Z;2;25/6/2022
RODASA;22D0002781;6309-2Z/C3;2;25/6/2022
RODASA;22D0002781;6310-2RS1/C3;4;25/6/2022
RODASA;22D0005664;6310-2RS1/C3;9;7/6/2022
RODASA;22D0002781;6311-2Z/C3GJN;2;25/6/2022
RODASA;22D0005664;6311-2Z/C3GJN;24;7/6/2022
RODASA;22D0002781;6308/C3;2;25/6/2022
RODASA;22D0002781;6311-2Z;2;25/6/2022
RODASA;22D0002781;6317-2RS1/C3;1;25/6/2022
RODASA;22D0005664;6317-2RS1/C3;7;7/6/2022
RODASA;22D0002781;6309-2RS1;10;25/6/2022
RODASA;22D0002781;6316-2RS1/C3;2;25/6/2022
RODASA;22D0002781;6307-2Z/C3GJN;10;25/6/2022
RODASA;22D0005161;KM 13;10;3/6/2022
SPEED TURBO;22D0001398;VKML 81307;3;6/6/2022
SPEED TURBO;22D0001398;VKML 81309;6;6/6/2022
SPEED TURBO;22D0001398;VKPC 81242;12;6/6/2022
SPEED TURBO;22D0001398;VKBA 3569;4;6/6/2022
SPEED TURBO;22D0001398;VKJA 8725;6;6/6/2022
SPEED TURBO;22D0001398;VKT 1001;10;6/6/2022
SPEED TURBO;22D0002884;VKBC 20085;200;18/6/2022
SPEED TURBO;22D0002884;VKBC 20085;63;18/7/2022
SPEED TURBO;22D0002884;VKBC 20085;33;18/7/2022
SPEED TURBO;22D0002884;VKBC 20085;20;18/7/2022
SPEED TURBO;22D0002884;VKBC 20085;84;18/7/2022
SR BEARINGS;21D0003870;62306-2RS1;2;26/5/2022
SR BEARINGS;21D0004775;2216 ETN9;2;2/6/2022
SR BEARINGS;21D0006626;2216 ETN9;6;2/6/2022
SR BEARINGS;21D0008203;2216 ETN9;2;2/6/2022
SR BEARINGS;22D0003065;2216 ETN9;4;2/6/2022
SR BEARINGS;21D0004775;KM 8;20;26/5/2022
SR BEARINGS;21D0005494;SY 20 TF;5;26/5/2022
SR BEARINGS;21D0005494;SY 2. TF;9;26/5/2022
SR BEARINGS;21D0005501;NU 307 ECP;4;1/6/2022
SR BEARINGS;21D0007275;40X52X8 HMSA10 RG;10;12/6/2022
SR BEARINGS;21D0007275;22311 E;1;31/5/2022
SR BEARINGS;22D0003075;22311 E;3;31/5/2022
SR BEARINGS;21D0007275;30207 J2/Q;14;31/5/2022
SR BEARINGS;21D0007275;22209 E/C3;2;31/5/2022
SR BEARINGS;21D0008203;61806-2RS1;10;26/5/2022
SR BEARINGS;21D0008203;33207;12;26/5/2022
SR BEARINGS;22D0004280;33207;4;26/5/2022
SR BEARINGS;21D0008212;SY 55 TF;6;4/6/2022
SR BEARINGS;21D0008212;SNL 516-613;2;26/5/2022
SR BEARINGS;22D0005256;SNL 516-613;2;26/5/2022
SR BEARINGS;21D0008212;HK 2520;23;26/5/2022
SR BEARINGS;21D0008212;HK 2520;7;26/5/2022
SR BEARINGS;21D0011237;6303-2RSH/C3;10;26/5/2022
SR BEARINGS;21D0011237;E2.6312-2Z/C3;14;26/5/2022
SR BEARINGS;22D0001903;E2.6305-2Z/C3;16;2/6/2022
SR BEARINGS;22D0001903;E2.6305-2Z/C3;33;2/6/2022
SR BEARINGS;22D0001313;22312 E/C3;1;8/6/2022
SR BEARINGS;22D0001313;22312 E/C3;4;8/6/2022
SR BEARINGS;22D0001903;6305-2RS1/C3;38;2/6/2022
SR BEARINGS;22D0001903;6305-2RS1/C3;62;3/6/2022
SR BEARINGS;22D0001903;6020-2Z;4;2/6/2022
SR BEARINGS;22D0001903;6307-2Z/C3GJN;15;2/6/2022
SR BEARINGS;22D0001903;6307-2Z/C3GJN;16;3/6/2022
SR BEARINGS;22D0001903;6309-2RS1;27;3/6/2022
SR BEARINGS;22D0001903;6018;3;3/6/2022
SR BEARINGS;22D0001903;61826;2;7/6/2022
SR BEARINGS;22D0001903;E2.6207-2Z/C3;80;7/6/2022
SR BEARINGS;22D0001903;6212-2RS1;4;7/6/2022
SR BEARINGS;22D0001903;6011-2Z/C3;6;7/6/2022
SR BEARINGS;22D0001903;6207-2RS1/C3GJN;4;26/5/2022
SR BEARINGS;22D0001903;6207-2RS1/C3GJN;8;26/5/2022
SR BEARINGS;22D0001903;6207-2RS1/C3GJN;31;26/5/2022
SR BEARINGS;22D0001903;6207-2RS1/C3GJN;7;26/5/2022
SR BEARINGS;22D0001903;6207-2RS1/C3GJN;50;26/5/2022
SR BEARINGS;22D0004053;6207-2RS1/C3GJN;32;26/5/2022
SR BEARINGS;22D0004053;6207-2RS1/C3GJN;54;26/5/2022
SR BEARINGS;22D0004053;6207-2RS1/C3GJN;14;26/5/2022
SR BEARINGS;22D0001903;6005-2RSH/C3GJN;66;26/5/2022
SR BEARINGS;22D0001903;6005-2RSH/C3GJN;14;26/5/2022
SR BEARINGS;22D0001903;6206-2RS1/C3;25;26/5/2022
SR BEARINGS;22D0002913;6206-2RS1/C3;62;27/5/2022
SR BEARINGS;22D0002913;6206-2RS1/C3;79;27/5/2022
SR BEARINGS;22D0001903;6210-2Z/C3GJN;5;26/5/2022
SR BEARINGS;22D0001903;6210-2Z/C3GJN;2;26/5/2022
SR BEARINGS;22D0001903;6210-2Z/C3GJN;6;26/5/2022
SR BEARINGS;22D0001903;6307-2Z/C3GJN;13;26/5/2022
SR BEARINGS;22D0001903;6307-2Z/C3GJN;16;26/5/2022
SR BEARINGS;22D0001903;6212-2RS1/C3;20;26/5/2022
SR BEARINGS;22D0001903;6303-2Z/C3;10;26/5/2022
SR BEARINGS;22D0004053;6303-2Z/C3;50;26/5/2022
SR BEARINGS;22D0001903;E2.6310-2Z/C3;18;26/5/2022
SR BEARINGS;22D0001903;E2.6310-2Z/C3;2;26/5/2022
SR BEARINGS;22D0001903;6311-2RS1/C3;16;26/5/2022
SR BEARINGS;22D0001903;E2.608-2Z/C3;99;26/5/2022
SR BEARINGS;22D0001903;E2.608-2Z/C3;1;26/5/2022
SR BEARINGS;22D0001903;E2.6204-2Z/C3;65;26/5/2022
SR BEARINGS;22D0001903;E2.6204-2Z/C3;35;26/5/2022
SR BEARINGS;22D0001903;6315-2Z/C3;8;26/5/2022
SR BEARINGS;22D0001903;6012-2Z/C3;6;26/5/2022
SR BEARINGS;22D0001903;6012-2Z/C3;6;31/5/2022
SR BEARINGS;22D0001903;6219-2Z/C3;2;26/5/2022
SR BEARINGS;22D0001903;6220-2RS1;6;26/5/2022
SR BEARINGS;22D0001903;6014-2RS1/C3;9;26/5/2022
SR BEARINGS;22D0001903;6014-2RS1/C3;8;26/5/2022
SR BEARINGS;22D0001903;6014-2RS1/C3;23;26/5/2022
SR BEARINGS;22D0001903;6011-2RS1/C3;6;26/5/2022
SR BEARINGS;22D0001903;6018-2RS1/C3;6;26/5/2022
SR BEARINGS;22D0001903;61801-2RS1;5;26/5/2022
SR BEARINGS;22D0001903;61828-2RZ;2;26/5/2022
SR BEARINGS;22D0001903;61828-2RZ;3;26/5/2022
SR BEARINGS;22D0001903;E2.6206-2Z/C3;44;26/5/2022
SR BEARINGS;22D0001903;E2.6206-2Z/C3;156;26/5/2022
SR BEARINGS;22D0001903;6208-2Z/C3GJN;20;26/5/2022
SR BEARINGS;22D0001903;6208-2Z/C3GJN;54;26/5/2022
SR BEARINGS;22D0001903;6208-2Z/C3GJN;6;26/5/2022
SR BEARINGS;22D0004053;6208-2Z/C3GJN;100;27/5/2022
SR BEARINGS;22D0001903;6213-2RS1/C3;3;26/5/2022
SR BEARINGS;22D0001903;6213-2RS1/C3;9;26/5/2022
SR BEARINGS;22D0001903;6217-2Z/C3;1;26/5/2022
SR BEARINGS;22D0001903;6217-2Z/C3;5;26/5/2022
SR BEARINGS;22D0001903;E2.6305-2Z/C3;1;26/5/2022
SR BEARINGS;22D0001903;6307-2RS1/C3GJN;30;26/5/2022
SR BEARINGS;22D0004053;6307-2RS1/C3GJN;50;26/5/2022
SR BEARINGS;22D0001903;6308-2Z;20;26/5/2022
SR BEARINGS;22D0001903;E2.6308-2Z/C3;11;26/5/2022
SR BEARINGS;22D0001903;E2.6308-2Z/C3;35;26/5/2022
SR BEARINGS;22D0001903;E2.6308-2Z/C3;4;26/5/2022
SR BEARINGS;22D0001903;6309-2RS1/C3;20;26/5/2022
SR BEARINGS;22D0001903;6309-2RS1/C3GJN;5;26/5/2022
SR BEARINGS;22D0001903;6309-2RS1/C3GJN;4;26/5/2022
SR BEARINGS;22D0001903;6309-2Z;10;26/5/2022
SR BEARINGS;22D0005223;6309-2Z;10;25/5/2022
SR BEARINGS;22D0001903;6309-2Z/C3;40;26/5/2022
SR BEARINGS;22D0001903;6310-2Z;10;26/5/2022
SR BEARINGS;22D0001903;6000-2Z/C3GJN;100;26/5/2022
SR BEARINGS;22D0001903;6002-2RSH/C3GJN;200;26/5/2022
SR BEARINGS;22D0001903;E2.6002-2Z/C3;50;26/5/2022
SR BEARINGS;22D0001903;6002-2Z/C3GJN;50;26/5/2022
SR BEARINGS;22D0001903;6003-2RSH/C3GJN;100;26/5/2022
SR BEARINGS;22D0001903;6003-2Z/C3GJN;40;26/5/2022
SR BEARINGS;22D0001903;E2.6003-2Z/C3;100;26/5/2022
SR BEARINGS;22D0001903;6004-2RSL;20;26/5/2022
SR BEARINGS;22D0001903;E2.6004-2Z/C3;50;26/5/2022
SR BEARINGS;22D0001903;6004-2Z/C3GJN;80;26/5/2022
SR BEARINGS;22D0001903;E2.6005-2Z/C3;50;26/5/2022
SR BEARINGS;22D0001903;6006-2RS1/C3GJN;100;26/5/2022
SR BEARINGS;22D0001903;6006-2RS1/C3GJN;30;26/5/2022
SR BEARINGS;22D0001903;6006-2Z/C3GJN;30;26/5/2022
SR BEARINGS;22D0001903;6007-2RS1NR;6;26/5/2022
SR BEARINGS;22D0001903;6007-2Z/C3GJN;30;26/5/2022
SR BEARINGS;22D0001903;6008-2Z/C3GJN;10;26/5/2022
SR BEARINGS;22D0001903;6017-2RS1/C3;7;26/5/2022
SR BEARINGS;22D0001903;6018/C3;3;26/5/2022
SR BEARINGS;22D0001903;6020-2Z/C3;4;26/5/2022
SR BEARINGS;22D0001903;607-2Z/C3;20;26/5/2022
SR BEARINGS;22D0001903;61800-2RS1;20;26/5/2022
SR BEARINGS;22D0001903;61812;5;26/5/2022
SR BEARINGS;22D0001903;61818-2RS1;1;26/5/2022
SR BEARINGS;22D0001903;61900-2RS1;30;26/5/2022
SR BEARINGS;22D0001903;61900-2Z;20;26/5/2022
SR BEARINGS;22D0001903;E2.6201-2Z/C3;100;26/5/2022
SR BEARINGS;22D0001903;6201-2Z/C3GJN;110;26/5/2022
SR BEARINGS;22D0004053;6201-2Z/C3GJN;48;26/5/2022
SR BEARINGS;22D0004053;6201-2Z/C3GJN;72;26/5/2022
SR BEARINGS;22D0001903;6202-2Z/C3GJN;50;26/5/2022
SR BEARINGS;22D0001903;6203-2Z/C3;300;26/5/2022
SR BEARINGS;22D0001903;6205-2RSH/C3GJN;1380;26/5/2022
SR BEARINGS;22D0001903;E2.6205-2Z/C3;100;26/5/2022
SR BEARINGS;22D0001903;6208-ZNR;4;26/5/2022
SR BEARINGS;22D0001903;E2.6209-2Z/C3;100;26/5/2022
SR BEARINGS;22D0001903;6213-ZNR;2;26/5/2022
SR BEARINGS;22D0005522;6214-2Z/C3;1;1/6/2022
SR BEARINGS;22D0001903;6219-2Z;6;26/5/2022
SR BEARINGS;22D0001903;6220-2RS1/C3;7;26/5/2022
SR BEARINGS;22D0001903;6220-2RS1/C3;1;26/5/2022
SR BEARINGS;22D0001903;6222-2Z/C3;1;26/5/2022
SR BEARINGS;22D0001903;627-2RSH;10;26/5/2022
SR BEARINGS;22D0001903;6302-2Z/C3GJN;50;26/5/2022
SR BEARINGS;22D0001903;6306-2Z/C3GJN;60;26/5/2022
SR BEARINGS;22D0001903;6307-ZNR;1;26/5/2022
SR BEARINGS;22D0001903;6308-ZNR;6;26/5/2022
SR BEARINGS;22D0001903;6309-2Z/C3GJN;22;26/5/2022
SR BEARINGS;22D0001903;6309-2Z/C3GJN;38;26/5/2022
SR BEARINGS;22D0005223;6309-2Z/C3GJN;10;25/5/2022
SR BEARINGS;22D0005224;6309-2Z/C3GJN;10;25/5/2022
SR BEARINGS;22D0001903;6316/C4;2;26/5/2022
SR BEARINGS;22D0001903;6317-2RS1/C3;2;26/5/2022
SR BEARINGS;22D0001903;6403-2RS1/C3;5;26/5/2022
SR BEARINGS;22D0001903;6407/C3;2;26/5/2022
SR BEARINGS;22D0001903;6408/C3;2;26/5/2022
SR BEARINGS;22D0001903;61811-2RS1;20;26/5/2022
SR BEARINGS;22D0001903;6207-2Z/C3GJN;70;26/5/2022
SR BEARINGS;22D0001903;6308-2Z/C3GJN;18;26/5/2022
SR BEARINGS;22D0001903;6204-2Z/C3GJN;100;26/5/2022
SR BEARINGS;22D0001903;6304-2Z;10;26/5/2022
SR BEARINGS;22D0001903;6018-2Z/C3;1;26/5/2022
SR BEARINGS;22D0001903;6214-2RS1/C3;8;26/5/2022
SR BEARINGS;22D0001903;6304-2Z/C3GJN;20;26/5/2022
SR BEARINGS;22D0001903;6319/C3;2;26/5/2022
SR BEARINGS;22D0001903;E2.6302-2Z/C3;50;26/5/2022
SR BEARINGS;22D0004053;E2.6302-2Z/C3;100;26/5/2022
SR BEARINGS;22D0001903;608-2Z/C3;100;26/5/2022
SR BEARINGS;22D0001903;6316-2RS1/C3;4;26/5/2022
SR BEARINGS;22D0001903;6316-2RS1/C3;1;31/5/2022
SR BEARINGS;22D0002913;61812-2RS1;4;27/5/2022
SR BEARINGS;22D0002913;6313-2Z;4;27/5/2022
SR BEARINGS;22D0002913;6313-2Z;2;27/5/2022
SR BEARINGS;22D0002913;63006-2RS1;10;27/5/2022
SR BEARINGS;22D0002913;6007-2RS1/C3GJN;50;27/5/2022
SR BEARINGS;22D0004053;6007-2RS1/C3GJN;40;26/5/2022
SR BEARINGS;22D0004053;6211-2Z/C3;20;26/5/2022
SR BEARINGS;22D0001903;6206-2Z/C3GJN;180;31/5/2022
SR BEARINGS;22D0001903;6010-2Z;10;31/5/2022
SR BEARINGS;22D0001903;6206-2RS1/C3GJN;45;31/5/2022
SR BEARINGS;22D0005794;6206-2RS1/C3GJN;30;8/6/2022
SR BEARINGS;22D0001903;63000-2RS1;4;31/5/2022
SR BEARINGS;22D0001903;6308-2Z/C3;20;31/5/2022
SR BEARINGS;22D0001903;6303-2RSH/C3GJN;100;31/5/2022
SR BEARINGS;22D0001903;6316-2Z/C3;8;1/6/2022
SR BEARINGS;22D0001903;6215-2Z/C3;2;31/5/2022
SR BEARINGS;22D0001903;6016-2RS1/C3;4;31/5/2022
SR BEARINGS;22D0001903;6205-2Z/C3GJN;160;1/6/2022
SR BEARINGS;22D0001903;62205-2RS1;20;1/6/2022
SR BEARINGS;22D0002538;FY 1.1/4 TF;15;26/5/2022
SR BEARINGS;22D0002538;42672;80;26/5/2022
SR BEARINGS;22D0004047;42672;40;26/5/2022
SR BEARINGS;22D0005564;42672;40;2/6/2022
SR BEARINGS;22D0002876;PHG A50;10;26/5/2022
SR BEARINGS;22D0002876;PHG B40;30;26/5/2022
SR BEARINGS;22D0002876;PHG B47;20;26/5/2022
SR BEARINGS;22D0002876;PHG B51;20;26/5/2022
SR BEARINGS;22D0002876;PHG B63;20;26/5/2022
SR BEARINGS;22D0002876;PHG B72;20;26/5/2022
SR BEARINGS;22D0002876;PHG A61;20;26/5/2022
SR BEARINGS;22D0002876;PHG B110;20;26/5/2022
SR BEARINGS;22D0002876;PHG B48;20;26/5/2022
SR BEARINGS;22D0002876;PHG BB90;20;26/5/2022
SR BEARINGS;22D0002913;BB1-0078;10;25/5/2022
SR BEARINGS;22D0002913;125X150X12 HMSA10 RG;2;26/5/2022
SR BEARINGS;22D0002913;25X62X7 HMSA10 RG;20;26/5/2022
SR BEARINGS;22D0002913;35X55X7 HMSA10 RG;10;26/5/2022
SR BEARINGS;22D0002913;35X55X7 HMSA10 V;5;26/5/2022
SR BEARINGS;22D0002913;30X52X8 HMSA10 RG;10;26/5/2022
SR BEARINGS;22D0002913;25X62X10 HMSA10 RG;10;26/5/2022
SR BEARINGS;22D0002913;38X60X10 HMSA10 RG;20;26/5/2022
SR BEARINGS;22D0002913;50X70X10 HMSA10 V;5;26/5/2022
SR BEARINGS;22D0002913;100X120X12 HMSA10 RG;10;26/5/2022
SR BEARINGS;22D0002913;25X40X7 HMSA10 RG;20;26/5/2022
SR BEARINGS;22D0002913;25X52X8 HMSA10 RG;10;26/5/2022
SR BEARINGS;22D0002913;65X90X10 HMSA10 RG;30;26/5/2022
SR BEARINGS;22D0002913;70X90X12 HMSA10 RG;10;26/5/2022
SR BEARINGS;22D0002913;45X62X10 HMSA10 RG;30;26/5/2022
SR BEARINGS;22D0002913;45X62X7 HMSA10 RG;20;26/5/2022
SR BEARINGS;22D0002913;50X65X10 HMSA10 RG;10;26/5/2022
SR BEARINGS;22D0002913;55X72X8 HMSA10 RG;30;26/5/2022
SR BEARINGS;22D0002913;60X85X8 HMSA10 RG;10;26/5/2022
SR BEARINGS;22D0002913;35X72X7 HMSA10 RG;10;26/5/2022
SR BEARINGS;22D0002913;40X62X7 HMSA10 V;5;26/5/2022
SR BEARINGS;22D0002913;40X60X10 HMSA10 RG;10;26/5/2022
SR BEARINGS;22D0002913;45X60X10 HMSA10 RG;20;26/5/2022
SR BEARINGS;22D0002913;10X20X7 HMSA10 RG;20;26/5/2022
SR BEARINGS;22D0002913;100X120X12 HMSA10 V;2;26/5/2022
SR BEARINGS;22D0002913;105X130X12 HMSA10 RG;5;26/5/2022
SR BEARINGS;22D0002913;105X130X12 HMSA10 V;2;26/5/2022
SR BEARINGS;22D0002913;120X140X13 HMSA10 V;1;26/5/2022
SR BEARINGS;22D0002913;120X150X12 HMSA10 RG;10;26/5/2022
SR BEARINGS;22D0002913;120X150X12 HMSA10 V;2;26/5/2022
SR BEARINGS;22D0002913;12X22X7 HMSA10 RG;10;26/5/2022
SR BEARINGS;22D0002913;12X28X7 HMSA10 RG;10;26/5/2022
SR BEARINGS;22D0002913;150X170X12 HMSA10 RG;10;26/5/2022
SR BEARINGS;22D0002913;155X180X15 HMSA10 RG;5;26/5/2022
SR BEARINGS;22D0002913;15X28X7 CRW1 R;2;26/5/2022
SR BEARINGS;22D0002913;17X32X7 HMSA10 V;2;26/5/2022
SR BEARINGS;22D0002913;17X35X7 HMSA10 V;2;26/5/2022
SR BEARINGS;22D0002913;17X30X7 HMSA10 RG;20;26/5/2022
SR BEARINGS;22D0002913;17X40X7 HMSA10 RG;20;26/5/2022
SR BEARINGS;22D0002913;18X35X7 HMSA10 RG;10;26/5/2022
SR BEARINGS;22D0002913;20X30X5 HMSA10 RG;10;26/5/2022
SR BEARINGS;22D0002913;20X30X7 HMSA10 RG;20;26/5/2022
SR BEARINGS;22D0002913;20X32X7 HMSA10 RG;20;26/5/2022
SR BEARINGS;22D0002913;20X35X7 HMSA10 RG;10;26/5/2022
SR BEARINGS;22D0002913;20X45X7 HMSA10 RG;10;26/5/2022
SR BEARINGS;22D0002913;20X47X7 HMSA10 RG;20;26/5/2022
SR BEARINGS;22D0002913;25X37X7 HMSA10 RG;10;26/5/2022
SR BEARINGS;22D0002913;25X45X7 HMSA10 RG;20;26/5/2022
SR BEARINGS;22D0002913;27X42X10 HMSA10 RG;12;26/5/2022
SR BEARINGS;22D0002913;27X47X7 HMSA10 RG;10;26/5/2022
SR BEARINGS;22D0002913;28X38X7 HMSA10 RG;5;26/5/2022
SR BEARINGS;22D0002913;30X42X7 HMSA10 RG;20;26/5/2022
SR BEARINGS;22D0002913;30X47X7 HMSA10 RG;50;26/5/2022
SR BEARINGS;22D0002913;30X52X10 HMSA10 RG;10;26/5/2022
SR BEARINGS;22D0002913;32X45X7 HMSA10 RG;10;26/5/2022
SR BEARINGS;22D0002913;34X48X8 HMSA10 RG;10;26/5/2022
SR BEARINGS;22D0002913;35X47X7 HMSA10 V;10;26/5/2022
SR BEARINGS;22D0002913;35X50X7 HMSA10 RG;20;26/5/2022
SR BEARINGS;22D0002913;35X52X7 HMSA10 RG;20;26/5/2022
SR BEARINGS;22D0002913;35X55X10 HMSA10 V;5;26/5/2022
SR BEARINGS;22D0002913;35X56X10 HMSA10 RG;10;26/5/2022
SR BEARINGS;22D0002913;35X58X10 HMSA10 RG;10;26/5/2022
SR BEARINGS;22D0002913;35X60X10 HMSA10 RG;20;26/5/2022
SR BEARINGS;22D0002913;35X62X10 HMSA10 RG;50;26/5/2022
SR BEARINGS;22D0002913;35X62X7 HMSA10 RG;10;26/5/2022
SR BEARINGS;22D0002913;36X47X7 HMSA10 V;10;26/5/2022
SR BEARINGS;22D0002913;38X50X7 HMSA10 RG;30;26/5/2022
SR BEARINGS;22D0002913;38X52X7 HMSA10 RG;20;26/5/2022
SR BEARINGS;22D0002913;38X52X8 HMSA10 RG;10;26/5/2022
SR BEARINGS;22D0002913;3984/2/3920/2/Q;10;26/5/2022
SR BEARINGS;22D0002913;40X58X8 HMSA10 RG;10;26/5/2022
SR BEARINGS;22D0002913;40X62X10 HMSA10 RG;10;26/5/2022
SR BEARINGS;22D0002913;40X62X7 HMSA10 RG;20;26/5/2022
SR BEARINGS;22D0002913;40X62X8 HMSA10 RG;10;26/5/2022
SR BEARINGS;22D0002913;40X72X10 HMSA10 RG;10;26/5/2022
SR BEARINGS;22D0002913;40X80X10 HMSA10 RG;20;26/5/2022
SR BEARINGS;22D0002913;45X60X8 HMSA10 RG;10;26/5/2022
SR BEARINGS;22D0002913;45X62X8 HMSA10 RG;30;26/5/2022
SR BEARINGS;22D0002913;46X65X10 HMSA10 RG;10;26/5/2022
SR BEARINGS;22D0002913;48X65X10 HMSA10 RG;10;26/5/2022
SR BEARINGS;22D0002913;50X65X8 HMSA10 RG;20;26/5/2022
SR BEARINGS;22D0002913;95X120X12 HMSA10 RG;10;26/5/2022
SR BEARINGS;22D0002913;98X120X12 CRW1 V;5;26/5/2022
SR BEARINGS;22D0002913;BA2B 440114 AE;6;26/5/2022
SR BEARINGS;22D0002913;VKBC 20063;20;26/5/2022
SR BEARINGS;22D0002913;120X140X12 HMSA10 RG;5;27/5/2022
SR BEARINGS;22D0002913;35X47X8 HMSA10 RG;20;31/5/2022
SR BEARINGS;22D0002913;40X56X8 HMSA10 RG;40;31/5/2022
SR BEARINGS;22D0002913;25X35X7 HMSA10 RG;20;1/6/2022
SR BEARINGS;22D0002917;80X105X10 HMSA10 RG;20;26/5/2022
SR BEARINGS;22D0002917;11343;10;26/5/2022
SR BEARINGS;22D0002917;24370;4;26/5/2022
SR BEARINGS;22D0002917;30070;20;26/5/2022
SR BEARINGS;22D0002917;BT1-0017 A/Q;15;26/5/2022
SR BEARINGS;22D0002917;50X72X10 HMSA10 RG;20;26/5/2022
SR BEARINGS;22D0002917;55X72X10 HMSA10 V;5;26/5/2022
SR BEARINGS;22D0002917;55X75X10 HMSA10 RG;10;26/5/2022
SR BEARINGS;22D0002917;55X90X10 HMSA10 RG;20;26/5/2022
SR BEARINGS;22D0002917;58X80X10 HMSA10 RG;10;26/5/2022
SR BEARINGS;22D0002917;6X16X7 HMSA10 RG;20;26/5/2022
SR BEARINGS;22D0002917;60X85X10 HMSA10 RG;20;26/5/2022
SR BEARINGS;22D0002917;60X90X10 HMSA10 RG;10;26/5/2022
SR BEARINGS;22D0002917;62X90X10 HMSA10 V;5;26/5/2022
SR BEARINGS;22D0002917;70X90X10 HMSA10 RG;20;26/5/2022
SR BEARINGS;22D0002917;70X95X10 HMSA10 RG;10;26/5/2022
SR BEARINGS;22D0002917;752;10;26/5/2022
SR BEARINGS;22D0002917;80X125X12 HMSA10 RG;10;26/5/2022
SR BEARINGS;22D0002917;90X120X12 HMSA10 RG;10;26/5/2022
SR BEARINGS;22D0002917;BT1B 329270/Q;4;26/5/2022
SR BEARINGS;22D0002917;11124;5;26/5/2022
SR BEARINGS;22D0002917;11223;5;26/5/2022
SR BEARINGS;22D0002917;12458;20;26/5/2022
SR BEARINGS;22D0002917;12350;20;26/5/2022
SR BEARINGS;22D0002917;12545;20;26/5/2022
SR BEARINGS;22D0002917;13534;10;26/5/2022
SR BEARINGS;22D0002917;13568;5;26/5/2022
SR BEARINGS;22D0002917;13676;5;26/5/2022
SR BEARINGS;22D0004824;13676;20;3/6/2022
SR BEARINGS;22D0002917;14875;10;26/5/2022
SR BEARINGS;22D0002917;14939;10;26/5/2022
SR BEARINGS;22D0002917;15141;20;26/5/2022
SR BEARINGS;22D0002917;15142;10;26/5/2022
SR BEARINGS;22D0002917;16246;5;26/5/2022
SR BEARINGS;22D0002917;17231;10;26/5/2022
SR BEARINGS;22D0002917;17285;5;26/5/2022
SR BEARINGS;22D0002917;17523;20;26/5/2022
SR BEARINGS;22D0002917;17557;20;26/5/2022
SR BEARINGS;22D0002917;17653;20;26/5/2022
SR BEARINGS;22D0002917;18581;20;26/5/2022
SR BEARINGS;22D0002917;18731;10;26/5/2022
SR BEARINGS;22D0002917;19762;10;26/5/2022
SR BEARINGS;22D0002917;19887;5;26/5/2022
SR BEARINGS;22D0002917;21098;10;26/5/2022
SR BEARINGS;22D0002917;21267;10;26/5/2022
SR BEARINGS;22D0002917;22354;20;26/5/2022
SR BEARINGS;22D0002917;22441;10;26/5/2022
SR BEARINGS;22D0002917;22446;10;26/5/2022
SR BEARINGS;22D0002917;24898;5;26/5/2022
SR BEARINGS;22D0002917;24954;5;26/5/2022
SR BEARINGS;22D0002917;27565;5;26/5/2022
SR BEARINGS;22D0002917;28686;5;26/5/2022
SR BEARINGS;22D0002917;29316;5;26/5/2022
SR BEARINGS;22D0002917;30033;5;26/5/2022
SR BEARINGS;22D0002917;47697;20;26/5/2022
SR BEARINGS;22D0005564;47697;40;2/6/2022
SR BEARINGS;22D0002917;4985;10;26/5/2022
SR BEARINGS;22D0002917;50148;10;26/5/2022
SR BEARINGS;22D0002917;JL 69349/310;20;26/5/2022
SR BEARINGS;22D0002917;60X95X10 HMSA10 RG;10;27/5/2022
SR BEARINGS;22D0002917;65X90X7 HMSA10 RG;10;27/5/2022
SR BEARINGS;22D0002919;LM 48548/510/Q;6;2/6/2022
SR BEARINGS;22D0002919;34868;10;26/5/2022
SR BEARINGS;22D0002919;34888;5;26/5/2022
SR BEARINGS;22D0002919;34889;10;26/5/2022
SR BEARINGS;22D0002919;34891;5;26/5/2022
SR BEARINGS;22D0002919;37330;5;26/5/2022
SR BEARINGS;22D0002919;37389;5;26/5/2022
SR BEARINGS;22D0002919;38647;10;26/5/2022
SR BEARINGS;22D0002919;39934;20;26/5/2022
SR BEARINGS;22D0002919;LM 102949/910/Q;10;26/5/2022
SR BEARINGS;22D0002919;LM 12749/710/Q;20;26/5/2022
SR BEARINGS;22D0002919;LM 29749/710/Q;10;26/5/2022
SR BEARINGS;22D0002919;LM 29749/711/Q;20;26/5/2022
SR BEARINGS;22D0002919;VKBC 20002;6;26/5/2022
SR BEARINGS;22D0002919;VKBC 20002;4;26/5/2022
SR BEARINGS;22D0002919;VKBC 20005;4;26/5/2022
SR BEARINGS;22D0002947;1207 EKTN9;4;2/6/2022
SR BEARINGS;22D0002947;16005;10;3/6/2022
SR BEARINGS;22D0002947;1216 K;2;26/5/2022
SR BEARINGS;22D0002947;1308 EKTN9;6;26/5/2022
SR BEARINGS;22D0002947;1308 ETN9/C3;4;26/5/2022
SR BEARINGS;22D0002947;1309 EKTN9;2;26/5/2022
SR BEARINGS;22D0002947;16004;10;26/5/2022
SR BEARINGS;22D0002947;1311 EKTN9/C3;4;26/5/2022
SR BEARINGS;22D0002947;1204 EKTN9;4;26/5/2022
SR BEARINGS;22D0002947;1205 EKTN9;6;26/5/2022
SR BEARINGS;22D0002947;1206 EKTN9;1;26/5/2022
SR BEARINGS;22D0002947;1207 ETN9;2;26/5/2022
SR BEARINGS;22D0002947;1208 ETN9;4;26/5/2022
SR BEARINGS;22D0002947;1208 EKTN9;2;26/5/2022
SR BEARINGS;22D0002947;1209 ETN9;2;26/5/2022
SR BEARINGS;22D0002947;1210 ETN9;2;26/5/2022
SR BEARINGS;22D0002947;1210 EKTN9;4;26/5/2022
SR BEARINGS;22D0002947;1212 EKTN9;2;26/5/2022
SR BEARINGS;22D0002947;1213 EKTN9/C3;2;26/5/2022
SR BEARINGS;22D0002947;1302 ETN9;8;26/5/2022
SR BEARINGS;22D0002947;1304 ETN9;1;26/5/2022
SR BEARINGS;22D0002947;1304 ETN9;3;26/5/2022
SR BEARINGS;22D0002947;1305 ETN9;4;26/5/2022
SR BEARINGS;22D0002947;1307 ETN9;4;26/5/2022
SR BEARINGS;22D0002947;1307 ETN9;2;26/5/2022
SR BEARINGS;22D0002947;1310 ETN9;1;26/5/2022
SR BEARINGS;22D0002947;1310 EKTN9/C3;2;26/5/2022
SR BEARINGS;22D0002947;1312 ETN9/C3;2;26/5/2022
SR BEARINGS;22D0002947;16006;10;26/5/2022
SR BEARINGS;22D0002947;16010;1;26/5/2022
SR BEARINGS;22D0002947;16011;4;26/5/2022
SR BEARINGS;22D0002947;16012;4;26/5/2022
SR BEARINGS;22D0002947;16014;2;26/5/2022
SR BEARINGS;22D0002947;16015;2;26/5/2022
SR BEARINGS;22D0002947;16018/C3;2;26/5/2022
SR BEARINGS;22D0002947;1209 EKTN9;2;31/5/2022
SR BEARINGS;22D0002947;1206 ETN9;10;31/5/2022
SR BEARINGS;22D0002947;1212 ETN9;1;31/5/2022
SR BEARINGS;22D0003065;2213 ETN9;1;4/6/2022
SR BEARINGS;22D0003065;2211 EKTN9/C3;1;26/5/2022
SR BEARINGS;22D0003065;2212 EKTN9;2;26/5/2022
SR BEARINGS;22D0003065;22206 E/C3;4;26/5/2022
SR BEARINGS;22D0003065;22209 E/C3;10;26/5/2022
SR BEARINGS;22D0003065;2207 EKTN9;1;26/5/2022
SR BEARINGS;22D0003065;2208 EKTN9/C3;2;26/5/2022
SR BEARINGS;22D0003065;2209 ETN9;2;26/5/2022
SR BEARINGS;22D0003065;2210 ETN9;4;26/5/2022
SR BEARINGS;22D0003065;2210 EKTN9;4;26/5/2022
SR BEARINGS;22D0003065;2202 E-2RS1TN9;40;26/5/2022
SR BEARINGS;22D0004053;2202 E-2RS1TN9;10;26/5/2022
SR BEARINGS;22D0003065;2202 ETN9;6;26/5/2022
SR BEARINGS;22D0003065;2203 E-2RS1TN9;10;26/5/2022
SR BEARINGS;22D0004053;2203 E-2RS1TN9;30;26/5/2022
SR BEARINGS;22D0003065;2204 ETN9;4;26/5/2022
SR BEARINGS;22D0003065;2204 E-2RS1TN9;6;26/5/2022
SR BEARINGS;22D0003065;2205 ETN9;2;26/5/2022
SR BEARINGS;22D0003065;2209 EKTN9/C3;4;26/5/2022
SR BEARINGS;22D0003065;2214;4;26/5/2022
SR BEARINGS;22D0003065;2208 ETN9;4;31/5/2022
SR BEARINGS;22D0003065;22207 E/C3;2;31/5/2022
SR BEARINGS;22D0003065;22208 EK;5;31/5/2022
SR BEARINGS;22D0003065;2207 ETN9;10;1/6/2022
SR BEARINGS;22D0003075;22212 EK/C3;4;2/6/2022
SR BEARINGS;22D0003075;22224 E;6;7/6/2022
SR BEARINGS;22D0003075;22215 EK;4;26/5/2022
SR BEARINGS;22D0003075;22336 CCK/C3W33;2;26/5/2022
SR BEARINGS;22D0003075;22336 CCK/C3W33;1;26/5/2022
SR BEARINGS;22D0003075;22317 EK/C3;2;26/5/2022
SR BEARINGS;22D0003075;22318 E;1;26/5/2022
SR BEARINGS;22D0003075;22217 E;1;26/5/2022
SR BEARINGS;22D0003075;22212 E/C3;6;26/5/2022
SR BEARINGS;22D0003075;22220 EK/C3;2;26/5/2022
SR BEARINGS;22D0003075;22308 E/C3;4;26/5/2022
SR BEARINGS;22D0003075;22316 E;2;26/5/2022
SR BEARINGS;22D0003075;22316 E/C3;4;26/5/2022
SR BEARINGS;22D0003075;23056 CC/C3W33;1;26/5/2022
SR BEARINGS;22D0003075;22224 EK;3;26/5/2022
SR BEARINGS;22D0003075;22224 EK;1;26/5/2022
SR BEARINGS;22D0003075;22211 E/C3;4;26/5/2022
SR BEARINGS;22D0003075;22313 E;1;26/5/2022
SR BEARINGS;22D0003075;22313 E;5;26/5/2022
SR BEARINGS;22D0003075;22308 EK;2;26/5/2022
SR BEARINGS;22D0003075;22213 E;3;26/5/2022
SR BEARINGS;22D0003075;22214 E/C3;1;26/5/2022
SR BEARINGS;22D0003075;22215 EK/C3;7;26/5/2022
SR BEARINGS;22D0003075;22217 E/C3;2;26/5/2022
SR BEARINGS;22D0004053;22217 E/C3;4;26/5/2022
SR BEARINGS;22D0003075;22217 EK/C3;4;26/5/2022
SR BEARINGS;22D0003075;22218 EK;1;26/5/2022
SR BEARINGS;22D0003075;22218 E/C3;2;26/5/2022
SR BEARINGS;22D0003075;22218 EK/C3;4;26/5/2022
SR BEARINGS;22D0003075;22219 E/C3;2;26/5/2022
SR BEARINGS;22D0003075;22219 E;2;26/5/2022
SR BEARINGS;22D0003075;22226 EK;2;26/5/2022
SR BEARINGS;22D0003075;22310 EK/C3;8;26/5/2022
SR BEARINGS;22D0003075;22313 E/C3;6;26/5/2022
SR BEARINGS;22D0003075;22315 EK/C3;10;26/5/2022
SR BEARINGS;22D0003075;22315 EK;9;26/5/2022
SR BEARINGS;22D0003075;22315 EK;1;26/5/2022
SR BEARINGS;22D0003075;22318 E/C3;8;26/5/2022
SR BEARINGS;22D0003075;22319 E;2;26/5/2022
SR BEARINGS;22D0003075;22332 CC/W33;2;26/5/2022
SR BEARINGS;22D0003075;23022 CC/W33;4;26/5/2022
SR BEARINGS;22D0003075;23028 CC/W33;2;26/5/2022
SR BEARINGS;22D0003075;23030 CC/C3W33;2;26/5/2022
SR BEARINGS;22D0003075;23034 CCK/W33;2;26/5/2022
SR BEARINGS;22D0003075;23048 CC/W33;1;26/5/2022
SR BEARINGS;22D0002917;22314 E;2;27/5/2022
SR BEARINGS;22D0002917;23032 CCK/W33;4;27/5/2022
SR BEARINGS;22D0003075;22317 E;3;31/5/2022
SR BEARINGS;22D0003075;22317 E;1;31/5/2022
SR BEARINGS;22D0003775;2207 E-2RS1KTN9;10;7/6/2022
SR BEARINGS;22D0003075;H 307;12;26/5/2022
SR BEARINGS;22D0004047;3782/3720/Q;20;30/5/2022
SR BEARINGS;22D0004047;580/572/Q;20;30/5/2022
SR BEARINGS;22D0004053;6206-2RS1/C3GJN;45;26/5/2022
SR BEARINGS;22D0004053;6206-2RS1/C3GJN;37;26/5/2022
SR BEARINGS;22D0004053;6206-2RS1/C3GJN;18;26/5/2022
SR BEARINGS;22D0004053;2200 E-2RS1TN9;30;26/5/2022
SR BEARINGS;22D0004053;2201 E-2RS1TN9;40;26/5/2022
SR BEARINGS;22D0004053;2206 E-2RS1TN9;20;26/5/2022
SR BEARINGS;22D0004053;608-2RSH/C3;200;26/5/2022
SR BEARINGS;22D0004053;608-2RSH/C3GJN;200;26/5/2022
SR BEARINGS;22D0004053;624-2RS1;20;26/5/2022
SR BEARINGS;22D0004053;630/8-2RS1;19;26/5/2022
SR BEARINGS;22D0004053;630/8-2RS1;11;26/5/2022
SR BEARINGS;22D0004053;638/4-2Z;50;26/5/2022
SR BEARINGS;22D0004053;619/9-2Z;20;26/5/2022
SR BEARINGS;22D0004053;6000-2RSH/C3;50;26/5/2022
SR BEARINGS;22D0004053;6201-2RSH/C3GJN;100;26/5/2022
SR BEARINGS;22D0004053;6202-2RSH/C3GJN;200;26/5/2022
SR BEARINGS;22D0004053;E2.6202-2Z/C3;200;26/5/2022
SR BEARINGS;22D0004053;6203-2Z/C3GJN;200;26/5/2022
SR BEARINGS;22D0004053;6203-2RSH/C3GJN;500;26/5/2022
SR BEARINGS;22D0005288;6203-2RSH/C3GJN;500;26/5/2022
SR BEARINGS;22D0004053;6204-2RSH/C3;500;26/5/2022
SR BEARINGS;22D0004053;6204-2Z/C3;300;26/5/2022
SR BEARINGS;22D0004053;6205-2Z/C3;300;26/5/2022
SR BEARINGS;22D0004053;6207-2Z/C3;100;26/5/2022
SR BEARINGS;22D0004053;6208-2RS1/C3GJN;100;26/5/2022
SR BEARINGS;22D0004053;6220-2Z/C3;4;26/5/2022
SR BEARINGS;22D0004053;6302-2RSH/C3;100;26/5/2022
SR BEARINGS;22D0004053;6303-2RSH/C3GJN;100;26/5/2022
SR BEARINGS;22D0004053;6304-2Z/C3;20;26/5/2022
SR BEARINGS;22D0004053;6305-2Z/C3;33;26/5/2022
SR BEARINGS;22D0004053;6305-2Z/C3;17;26/5/2022
SR BEARINGS;22D0004053;6310-2RS1/C3;20;26/5/2022
SR BEARINGS;22D0004053;61902-2Z;30;26/5/2022
SR BEARINGS;22D0004053;61906-2RZ;10;26/5/2022
SR BEARINGS;22D0004053;63007-2RS1;10;26/5/2022
SR BEARINGS;22D0004053;22206 E;6;26/5/2022
SR BEARINGS;22D0004053;22207 E;4;26/5/2022
SR BEARINGS;22D0004053;22207 E/C3;6;26/5/2022
SR BEARINGS;22D0004053;3310 ANR;6;26/5/2022
SR BEARINGS;22D0004053;7313 BECBM;10;26/5/2022
SR BEARINGS;22D0004283;7313 BECBM;2;26/5/2022
SR BEARINGS;22D0004053;7413 BCBM;4;26/5/2022
SR BEARINGS;22D0004283;7413 BCBM;2;26/5/2022
SR BEARINGS;22D0004053;KR 30 PP;20;26/5/2022
SR BEARINGS;22D0004053;21315 E/C3;1;26/5/2022
SR BEARINGS;22D0004053;23024 CC/C3W33;2;26/5/2022
SR BEARINGS;22D0004053;6004-2RSH/C3GJN;100;26/5/2022
SR BEARINGS;22D0004053;6009-2RS1/C3;40;31/5/2022
SR BEARINGS;22D0004053;626-2Z/C3;10;31/5/2022
SR BEARINGS;22D0004053;6304-2RSH/C3;50;31/5/2022
SR BEARINGS;22D0004053;6314-2RS1/C3;2;1/6/2022
SR BEARINGS;22D0004092;3309 A;10;26/5/2022
SR BEARINGS;22D0004241;29317 E;2;2/6/2022
SR BEARINGS;22D0004241;23222 CCK/W33;2;3/6/2022
SR BEARINGS;22D0004241;2306 E-2RS1TN9;6;26/5/2022
SR BEARINGS;22D0004241;2307 ETN9;2;26/5/2022
SR BEARINGS;22D0004241;2307 E-2RS1TN9;2;26/5/2022
SR BEARINGS;22D0004241;2309 EKTN9;2;26/5/2022
SR BEARINGS;22D0004241;2311;2;26/5/2022
SR BEARINGS;22D0004241;2311 K/C3;4;26/5/2022
SR BEARINGS;22D0004241;2311 K;4;26/5/2022
SR BEARINGS;22D0004241;23218 CC/W33;2;26/5/2022
SR BEARINGS;22D0004241;23220 CC/C3W33;2;26/5/2022
SR BEARINGS;22D0004241;23226 CCK/W33;2;26/5/2022
SR BEARINGS;22D0004241;23130 CCK/W33;2;26/5/2022
SR BEARINGS;22D0004241;23220 CCK/W33;2;26/5/2022
SR BEARINGS;22D0004241;23224 CCK/W33;2;26/5/2022
SR BEARINGS;22D0004241;23224 CCK/W33;4;26/5/2022
SR BEARINGS;22D0004241;23226 CC/C3W33;4;26/5/2022
SR BEARINGS;22D0004241;23228 CC/W33;2;26/5/2022
SR BEARINGS;22D0004241;23228 CCK/W33;2;26/5/2022
SR BEARINGS;22D0004241;29318 E;2;26/5/2022
SR BEARINGS;22D0004241;29324 E;1;26/5/2022
SR BEARINGS;22D0004241;29328 E;1;26/5/2022
SR BEARINGS;22D0004241;29336 E;1;26/5/2022
SR BEARINGS;22D0004241;23222 CCK/W33;2;31/5/2022
SR BEARINGS;22D0004241;29340 E;1;1/6/2022
SR BEARINGS;22D0004245;29414 E;4;26/5/2022
SR BEARINGS;22D0004245;29420 E;2;26/5/2022
SR BEARINGS;22D0004245;30208;27;26/5/2022
SR BEARINGS;22D0004245;30208;3;26/5/2022
SR BEARINGS;22D0004245;30213;10;26/5/2022
SR BEARINGS;22D0004245;30217;3;26/5/2022
SR BEARINGS;22D0004245;30224;2;26/5/2022
SR BEARINGS;22D0004245;30305;10;26/5/2022
SR BEARINGS;22D0004245;30307;10;26/5/2022
SR BEARINGS;22D0004245;30308;6;26/5/2022
SR BEARINGS;22D0004245;30308;14;26/5/2022
SR BEARINGS;22D0004245;30313;1;26/5/2022
SR BEARINGS;22D0004245;31305;4;26/5/2022
SR BEARINGS;22D0004245;31306;2;26/5/2022
SR BEARINGS;22D0004245;31309 J2/QCL7C;10;26/5/2022
SR BEARINGS;22D0004245;29412 E;2;26/5/2022
SR BEARINGS;22D0004245;29413 E;1;26/5/2022
SR BEARINGS;22D0004245;29415 E;1;26/5/2022
SR BEARINGS;22D0004245;29418 E;1;26/5/2022
SR BEARINGS;22D0004245;29422 E;1;26/5/2022
SR BEARINGS;22D0004245;30215;6;26/5/2022
SR BEARINGS;22D0004245;30222 J2;2;26/5/2022
SR BEARINGS;22D0004245;30316;1;26/5/2022
SR BEARINGS;22D0004245;30316;2;26/5/2022
SR BEARINGS;22D0004245;31307;2;27/5/2022
SR BEARINGS;22D0004245;30204 J2/Q;10;30/5/2022
SR BEARINGS;22D0004245;30205 J2/Q;20;30/5/2022
SR BEARINGS;22D0004252;32012 X/CL7C;4;4/6/2022
SR BEARINGS;22D0004252;31316 J1/QCL7A;6;26/5/2022
SR BEARINGS;22D0004252;32006 X;30;26/5/2022
SR BEARINGS;22D0004252;32008 X;10;26/5/2022
SR BEARINGS;22D0005527;32008 X;20;2/6/2022
SR BEARINGS;22D0004252;32009 X/QVK210;6;26/5/2022
SR BEARINGS;22D0004252;31312/CL7C;2;26/5/2022
SR BEARINGS;22D0004252;32306;2;26/5/2022
SR BEARINGS;22D0004252;32310;4;26/5/2022
SR BEARINGS;22D0004252;32314;2;26/5/2022
SR BEARINGS;22D0004252;3201 ATN9;3;26/5/2022
SR BEARINGS;22D0004252;3203 ATN9;10;26/5/2022
SR BEARINGS;22D0004252;32014 X;6;26/5/2022
SR BEARINGS;22D0004252;32016 X;2;26/5/2022
SR BEARINGS;22D0004252;32018 X;2;26/5/2022
SR BEARINGS;22D0004252;32020 X;2;26/5/2022
SR BEARINGS;22D0004252;3204 A-2ZTN9/MT33;40;26/5/2022
SR BEARINGS;22D0004252;3206 A-2RS1TN9/MT33;5;26/5/2022
SR BEARINGS;22D0004252;3208 A-2ZTN9/MT33;4;26/5/2022
SR BEARINGS;22D0004252;3208 ATN9/C3;6;26/5/2022
SR BEARINGS;22D0004252;3209 ATN9/C3;4;26/5/2022
SR BEARINGS;22D0004252;3204 ATN9;4;26/5/2022
SR BEARINGS;22D0004252;3209 A-2RS1TN9/MT33;1;26/5/2022
SR BEARINGS;22D0004252;3210 A-2RS1TN9/MT33;6;26/5/2022
SR BEARINGS;22D0004252;3205 ATN9;10;26/5/2022
SR BEARINGS;22D0004252;3210 A-2ZTN9/MT33;6;26/5/2022
SR BEARINGS;22D0004252;3212 A-2RS1/MT33;6;26/5/2022
SR BEARINGS;22D0004252;3206 ATN9;4;26/5/2022
SR BEARINGS;22D0004252;3207 ATN9;6;26/5/2022
SR BEARINGS;22D0004252;3210 ATN9;2;26/5/2022
SR BEARINGS;22D0004252;3211 A/C3;2;26/5/2022
SR BEARINGS;22D0004252;3211 A-2Z/MT33;4;26/5/2022
SR BEARINGS;22D0004252;3212 A/C3;4;26/5/2022
SR BEARINGS;22D0004252;3215 A/C3;2;26/5/2022
SR BEARINGS;22D0004252;3216 A/C3;2;26/5/2022
SR BEARINGS;22D0004252;3217 A/C3;1;26/5/2022
SR BEARINGS;22D0004252;32206;10;26/5/2022
SR BEARINGS;22D0004252;32207;20;26/5/2022
SR BEARINGS;22D0004252;32209;8;26/5/2022
SR BEARINGS;22D0004252;32220;30;26/5/2022
SR BEARINGS;22D0004252;32305;2;26/5/2022
SR BEARINGS;22D0004252;32312;2;26/5/2022
SR BEARINGS;22D0004252;32317 J2;2;26/5/2022
SR BEARINGS;22D0004252;3208 A-2RS1TN9/C3MT33;4;26/5/2022
SR BEARINGS;22D0004252;32211 J2/Q;10;27/5/2022
SR BEARINGS;22D0004252;32210;10;30/5/2022
SR BEARINGS;22D0004280;33018;5;3/6/2022
SR BEARINGS;22D0004280;33018;9;7/6/2022
SR BEARINGS;22D0004280;3205 ATN9/C3;4;26/5/2022
SR BEARINGS;22D0004280;3306 A-2RS1TN9/C3MT33;10;26/5/2022
SR BEARINGS;22D0004280;3306 A-2ZTN9/MT33;2;26/5/2022
SR BEARINGS;22D0004280;3306 A/C3;5;26/5/2022
SR BEARINGS;22D0004280;3306 ATN9/C3;4;26/5/2022
SR BEARINGS;22D0004280;3308 A-2ZTN9/MT33;2;26/5/2022
SR BEARINGS;22D0004280;3308 ATN9/C3;20;26/5/2022
SR BEARINGS;22D0004280;3309 ATN9;4;26/5/2022
SR BEARINGS;22D0004280;3309 ATN9/C3;4;26/5/2022
SR BEARINGS;22D0004280;3309 A-2Z/C3MT33;2;26/5/2022
SR BEARINGS;22D0004280;33108;4;26/5/2022
SR BEARINGS;22D0004280;3310 A-2RS1/C3MT33;12;26/5/2022
SR BEARINGS;22D0004280;3311 A;1;26/5/2022
SR BEARINGS;22D0004280;3311 A;5;31/5/2022
SR BEARINGS;22D0004280;33205;4;26/5/2022
SR BEARINGS;22D0004280;33208;4;26/5/2022
SR BEARINGS;22D0004280;33220;3;26/5/2022
SR BEARINGS;22D0004280;33210;2;26/5/2022
SR BEARINGS;22D0004280;33212;4;26/5/2022
SR BEARINGS;22D0004280;33214;2;26/5/2022
SR BEARINGS;22D0004280;33215;6;26/5/2022
SR BEARINGS;22D0004280;3305 A-2ZTN9/MT33;4;26/5/2022
SR BEARINGS;22D0004280;4200 ATN9;10;26/5/2022
SR BEARINGS;22D0004280;4201 ATN9;10;26/5/2022
SR BEARINGS;22D0004280;4202 ATN9;40;26/5/2022
SR BEARINGS;22D0004280;4203 ATN9;10;26/5/2022
SR BEARINGS;22D0004280;4204 ATN9;10;26/5/2022
SR BEARINGS;22D0004280;4207 ATN9;4;26/5/2022
SR BEARINGS;22D0004280;4208 ATN9;10;26/5/2022
SR BEARINGS;22D0004280;4209 ATN9;1;26/5/2022
SR BEARINGS;22D0004280;4210 ATN9;6;26/5/2022
SR BEARINGS;22D0004280;51100;10;26/5/2022
SR BEARINGS;22D0004280;51101;3;26/5/2022
SR BEARINGS;22D0004280;51103;6;26/5/2022
SR BEARINGS;22D0004280;51105;10;26/5/2022
SR BEARINGS;22D0004280;51114;2;26/5/2022
SR BEARINGS;22D0004280;51116;3;26/5/2022
SR BEARINGS;22D0004280;51117;2;26/5/2022
SR BEARINGS;22D0004280;51124;3;26/5/2022
SR BEARINGS;22D0004280;51120;2;26/5/2022
SR BEARINGS;22D0004280;51122;2;26/5/2022
SR BEARINGS;22D0004280;51126;2;26/5/2022
SR BEARINGS;22D0004280;51203;8;26/5/2022
SR BEARINGS;22D0004280;51206;4;26/5/2022
SR BEARINGS;22D0004280;51207;4;26/5/2022
SR BEARINGS;22D0004280;51209;2;26/5/2022
SR BEARINGS;22D0004280;51210;2;26/5/2022
SR BEARINGS;22D0004280;51212;2;26/5/2022
SR BEARINGS;22D0004280;51212;1;26/5/2022
SR BEARINGS;22D0004280;51213;2;26/5/2022
SR BEARINGS;22D0004280;51220;2;26/5/2022
SR BEARINGS;22D0004280;51305;2;26/5/2022
SR BEARINGS;22D0004280;51306;2;26/5/2022
SR BEARINGS;22D0004280;51312;2;26/5/2022
SR BEARINGS;22D0004280;52209;2;26/5/2022
SR BEARINGS;22D0004280;52210;4;26/5/2022
SR BEARINGS;22D0004280;52216;2;26/5/2022
SR BEARINGS;22D0004280;5411 A;5;26/5/2022
SR BEARINGS;22D0004280;33211;1;27/5/2022
SR BEARINGS;22D0004282;32313;2;3/6/2022
SR BEARINGS;22D0004282;31313/CL7C;2;26/5/2022
SR BEARINGS;22D0004282;32013 X;10;26/5/2022
SR BEARINGS;22D0004283;7208 BECBP;6;4/6/2022
SR BEARINGS;22D0004283;7005 ACD/P4A;4;26/5/2022
SR BEARINGS;22D0004283;7205 BEP;10;26/5/2022
SR BEARINGS;22D0004283;7206 BECBP;10;26/5/2022
SR BEARINGS;22D0004283;7207 BEP;10;26/5/2022
SR BEARINGS;22D0004283;7206 BEP;10;26/5/2022
SR BEARINGS;22D0004283;7211 BECBJ;4;26/5/2022
SR BEARINGS;22D0004283;7211 BEP;2;26/5/2022
SR BEARINGS;22D0004283;7212 BEP;2;26/5/2022
SR BEARINGS;22D0004283;7212 BECBM;4;26/5/2022
SR BEARINGS;22D0004283;7214 BECBM;4;26/5/2022
SR BEARINGS;22D0004283;7214 BECBP;2;26/5/2022
SR BEARINGS;22D0004283;7216 BEP;2;26/5/2022
SR BEARINGS;22D0004283;7216 BECBJ;4;26/5/2022
SR BEARINGS;22D0004283;7216 BECBM;2;26/5/2022
SR BEARINGS;22D0004283;7217 BECBJ;2;26/5/2022
SR BEARINGS;22D0004283;7218 BECBJ;2;26/5/2022
SR BEARINGS;22D0004283;7219 BECBP;1;26/5/2022
SR BEARINGS;22D0004283;7219 BECBM;2;26/5/2022
SR BEARINGS;22D0004283;7302 BEP;2;26/5/2022
SR BEARINGS;22D0004283;7303 BEP;4;26/5/2022
SR BEARINGS;22D0004283;7304 BEP;3;26/5/2022
SR BEARINGS;22D0004283;7304 BECBM;1;26/5/2022
SR BEARINGS;22D0004283;7304 BECBP;2;26/5/2022
SR BEARINGS;22D0004283;7305 BEP;12;26/5/2022
SR BEARINGS;22D0004283;7306 BEP;5;26/5/2022
SR BEARINGS;22D0004283;7306 BECBM;6;26/5/2022
SR BEARINGS;22D0004283;7307 BECBM;4;26/5/2022
SR BEARINGS;22D0004283;7308 BECBJ;10;26/5/2022
SR BEARINGS;22D0004283;7308 BECBP;4;26/5/2022
SR BEARINGS;22D0004283;7308 BECBM;6;26/5/2022
SR BEARINGS;22D0004283;7308 BEP;6;26/5/2022
SR BEARINGS;22D0004283;7309 BEP;2;26/5/2022
SR BEARINGS;22D0004283;7310 BECBM;2;26/5/2022
SR BEARINGS;22D0004283;7311 BECBJ;4;26/5/2022
SR BEARINGS;22D0004283;7311 BECBM;4;26/5/2022
SR BEARINGS;22D0004283;7311 BEP;4;26/5/2022
SR BEARINGS;22D0004283;7312 BECBM;4;26/5/2022
SR BEARINGS;22D0004283;7313 BEP;2;26/5/2022
SR BEARINGS;22D0004283;7313 BECBY;2;26/5/2022
SR BEARINGS;22D0004283;7313 BECBJ;2;26/5/2022
SR BEARINGS;22D0004283;7314 BECBM;2;26/5/2022
SR BEARINGS;22D0004283;7314 BECBY;2;26/5/2022
SR BEARINGS;22D0004283;7314 BECBJ;2;26/5/2022
SR BEARINGS;22D0004283;7320 BECBM;1;26/5/2022
SR BEARINGS;22D0004283;7407 BCBM;1;26/5/2022
SR BEARINGS;22D0004283;7407 BCBM;3;26/5/2022
SR BEARINGS;22D0004283;7215 BEP;2;31/5/2022
SR BEARINGS;22D0004508;VKT 1000;10;26/5/2022
SR BEARINGS;22D0005522;6013-2Z/C3;6;7/6/2022
SR BEARINGS;22D0005565;6217-2Z;2;7/6/2022
SUMATEC;22D0001346;6206-2Z/C3GJN;50;1/6/2022
SUMATEC;22D0001348;6206-2Z/C3GJN;50;1/7/2022
SUMATEC;22D0001346;6313-2Z;2;1/6/2022
SUMATEC;22D0001348;6313-2Z;2;1/7/2022
TECNI CARIBE;22D0005536;33211;10;1/6/2022
TECNI CARIBE;22D0005536;30208;30;1/6/2022
TOOLS & EQUIP;22D0001818;LL/619-26473-1;15;24/5/2022
UBECAUT;22D0004800;SET84P;20;6/6/2022
